{"is_source_file": false, "format": null, "description": "", "external_files": [], "external_methods": [], "published": [], "classes": [], "methods": [], "calls": [], "search-terms": [], "state": 2, "file_id": 1, "knowledge_revision": 14, "git_revision": "104371644d995e2d392def190e2d2fdd2c442931", "hash": "84eb3a2b6adad84fe661a70dfac0419c", "format-version": 4, "code-base-name": "tic_tac_toe_frontend", "filename": "README.md", "revision_history": [{"14": "104371644d995e2d392def190e2d2fdd2c442931"}]}