{"is_source_file": true, "format": "JavaScript (ESM module, .mjs)", "description": "ESLint configuration file for a web project, setting up parser options, plugins, and rules for linting JavaScript/JSX code.", "external_files": ["@eslint/js", "eslint-plugin-react"], "external_methods": [], "published": ["default (ESLint configuration array)"], "classes": [], "methods": [{"name": "Object", "description": "Contains objects defining ESLint rules, parser options, and plugin configurations."}], "calls": ["pluginJs", "pluginReact"], "search-terms": ["eslint", "eslint.config.mjs", "plugin-react", "parserOptions", "rules", "js", "jsx"], "state": 2, "file_id": 2, "knowledge_revision": 21, "git_revision": "3ca40c81e42669626fe6ad1aa8e8c38a5d672360", "hash": "be6538e7523bc2e9da0743133d784136", "format-version": 4, "code-base-name": "tic_tac_toe_frontend", "filename": "tic_tac_toe_frontend/eslint.config.mjs", "revision_history": [{"21": "3ca40c81e42669626fe6ad1aa8e8c38a5d672360"}]}