{"is_source_file": false, "format": "", "description": "", "external_files": [], "external_methods": [], "published": [], "classes": [], "methods": [], "calls": [], "search-terms": [], "state": 2, "file_id": 6, "knowledge_revision": 27, "git_revision": "3ca40c81e42669626fe6ad1aa8e8c38a5d672360", "hash": "4b3729aff7974186952da4a4826a3c4a", "format-version": 4, "code-base-name": "tic_tac_toe_frontend", "filename": "tic_tac_toe_frontend/src/App.css", "revision_history": [{"27": "3ca40c81e42669626fe6ad1aa8e8c38a5d672360"}]}