{"is_source_file": false, "format": "", "description": "", "external_files": [], "external_methods": [], "published": [], "classes": [], "methods": [], "calls": [], "search-terms": [], "state": 2, "file_id": 8, "knowledge_revision": 28, "git_revision": "3ca40c81e42669626fe6ad1aa8e8c38a5d672360", "hash": "504f89526e2cdcea661c9ab8392c858d", "format-version": 4, "code-base-name": "tic_tac_toe_frontend", "filename": "tic_tac_toe_frontend/src/index.css", "revision_history": [{"28": "3ca40c81e42669626fe6ad1aa8e8c38a5d672360"}]}