{"is_source_file": true, "format": "JavaScript (React JSX)", "description": "This is the main React component for a Tic Tac Toe web game, implementing game logic, UI rendering, and user interaction handling.", "external_files": ["./App.css"], "external_methods": [], "published": ["App"], "classes": [], "methods": [{"name": "getWinningLine(squares)", "description": "Determines if there is a winning line (three in a row) in the current game state, returning the indices of the winning cells, or null if none.", "scope": "", "scopeKind": ""}, {"name": "isDraw(squares)", "description": "Checks if the game is a draw, i.e., all squares are filled with no winner.", "scope": "", "scopeKind": ""}, {"name": "App()", "scope": "", "scopeKind": "", "description": "unavailable"}], "calls": ["React.useMemo", "React.useState", "setSquares", "setXIsNext", "handleSquareClick", "resetBoardKeepTurn", "newGame"], "search-terms": ["tic-tac-toe", "React", "useState", "getWinningLine", "getWinningLine function", "handleSquareClick", "board", "game logic", "React component"], "state": 2, "file_id": 10, "knowledge_revision": 26, "git_revision": "3ca40c81e42669626fe6ad1aa8e8c38a5d672360", "revision_history": [{"25": "3ca40c81e42669626fe6ad1aa8e8c38a5d672360"}, {"26": "3ca40c81e42669626fe6ad1aa8e8c38a5d672360"}], "ctags": [{"_type": "tag", "name": "0", "path": "/home/kavia/workspace/code-generation/web-tic-tac-toe-201551-202225/tic_tac_toe_frontend/src/App.js", "pattern": "/^              tabIndex={0}$/", "language": "JavaScript", "kind": "field", "scope": "App.tabIndex", "scopeKind": "class"}, {"_type": "tag", "name": "App", "path": "/home/kavia/workspace/code-generation/web-tic-tac-toe-201551-202225/tic_tac_toe_frontend/src/App.js", "pattern": "/^function App() {$/", "language": "JavaScript", "kind": "function", "signature": "()"}, {"_type": "tag", "name": "BOARD_SIZE", "path": "/home/kavia/workspace/code-generation/web-tic-tac-toe-201551-202225/tic_tac_toe_frontend/src/App.js", "pattern": "/^const BOARD_SIZE = 9;$/", "language": "JavaScript", "kind": "constant"}, {"_type": "tag", "name": "getWinningLine", "path": "/home/kavia/workspace/code-generation/web-tic-tac-toe-201551-202225/tic_tac_toe_frontend/src/App.js", "pattern": "/^function getWinningLine(squares) {$/", "language": "JavaScript", "kind": "function", "signature": "(squares)"}, {"_type": "tag", "name": "handleBoardKeyDown", "path": "/home/kavia/workspace/code-generation/web-tic-tac-toe-201551-202225/tic_tac_toe_frontend/src/App.js", "pattern": "/^              onKeyDown={handleBoardKeyDown}$/", "language": "JavaScript", "kind": "field", "scope": "App.onKeyDown", "scopeKind": "class"}, {"_type": "tag", "name": "isDraw", "path": "/home/kavia/workspace/code-generation/web-tic-tac-toe-201551-202225/tic_tac_toe_frontend/src/App.js", "pattern": "/^function isDraw(squares) {$/", "language": "JavaScript", "kind": "function", "signature": "(squares)"}, {"_type": "tag", "name": "pill ${!winner && !draw && !xIsNext ? \"pillActive\" : \"\"}", "path": "/home/kavia/workspace/code-generation/web-tic-tac-toe-201551-202225/tic_tac_toe_frontend/src/App.js", "pattern": "/^                className={`pill ${!winner && !draw && !xIsNext ? \"pillActive\" : \"\"}`}$/", "language": "JavaScript", "kind": "field", "scope": "App.className", "scopeKind": "class"}, {"_type": "tag", "name": "pill ${!winner && !draw && xIsNext ? \"pillActive\" : \"\"}", "path": "/home/kavia/workspace/code-generation/web-tic-tac-toe-201551-202225/tic_tac_toe_frontend/src/App.js", "pattern": "/^                className={`pill ${!winner && !draw && xIsNext ? \"pillActive\" : \"\"}`}$/", "language": "JavaScript", "kind": "field", "scope": "App.className", "scopeKind": "class"}], "hash": "d44391a7c1b9b7e8ab96f94befa35ddb", "format-version": 4, "code-base-name": "tic_tac_toe_frontend", "filename": "tic_tac_toe_frontend/src/App.js", "fields": [{"name": "tabIndex={0}", "scope": "App.tabIndex", "scopeKind": "class", "description": "unavailable"}, {"name": "onKeyDown={handleBoardKeyDown}", "scope": "App.onKeyDown", "scopeKind": "class", "description": "unavailable"}, {"name": "className={`pill ${!winner && !draw && !xIsNext ? \"pillActive\" : \"\"}`}", "scope": "App.className", "scopeKind": "class", "description": "unavailable"}, {"name": "className={`pill ${!winner && !draw && xIsNext ? \"pillActive\" : \"\"}`}", "scope": "App.className", "scopeKind": "class", "description": "unavailable"}]}