{"is_source_file": false, "format": "", "description": "", "external_files": [], "external_methods": [], "published": [], "classes": [], "methods": [], "calls": [], "search-terms": ["manifest.json", "create-react-app", "web application manifest", "icons", "start_url"], "state": 2, "file_id": 5, "knowledge_revision": 19, "git_revision": "3ca40c81e42669626fe6ad1aa8e8c38a5d672360", "hash": "d9d975cebe2ec20b6c652e1e4c12ccf0", "format-version": 4, "code-base-name": "tic_tac_toe_frontend", "filename": "tic_tac_toe_frontend/public/manifest.json", "revision_history": [{"19": "3ca40c81e42669626fe6ad1aa8e8c38a5d672360"}]}