{"is_source_file": true, "format": "JavaScript", "description": "This file is the entry point for a React-based web application, responsible for rendering the main App component into the DOM.", "external_files": ["./index.css", "./App"], "external_methods": ["ReactDOM.createRoot", "root.render"], "published": [], "classes": [], "methods": [], "calls": ["ReactDOM.createRoot", "root.render"], "search-terms": ["React", "ReactDOM", "index.js", "render", "main"], "state": 2, "file_id": 9, "knowledge_revision": 24, "git_revision": "3ca40c81e42669626fe6ad1aa8e8c38a5d672360", "ctags": [{"_type": "tag", "name": "root", "path": "/home/kavia/workspace/code-generation/web-tic-tac-toe-201551-202225/tic_tac_toe_frontend/src/index.js", "pattern": "/^const root = ReactDOM.createRoot(document.getElementById('root'));$/", "language": "JavaScript", "kind": "constant"}], "hash": "9fc5841375336fc175b49f8767a11383", "format-version": 4, "code-base-name": "tic_tac_toe_frontend", "filename": "tic_tac_toe_frontend/src/index.js", "revision_history": [{"24": "3ca40c81e42669626fe6ad1aa8e8c38a5d672360"}]}